shipment_id,distance_km,hours_to_deadline,origin_rain_mm,origin_storm,congestion_index,carrier_reliability,delay_prob
SHP-1001,1296.88,3.8,13.8,0,0.22,0.86,0.322
SHP-1002,1369.56,64.5,4.3,0,0.42,0.51,0.405
SHP-1003,476.34,37.4,1.3,0,0.2,0.82,0.153
SHP-1004,1112.64,17.4,29.5,0,0.76,0.58,0.521
SHP-1005,874.1,21.5,10.8,0,0.76,0.55,0.416
SHP-1006,790.86,27.1,17.2,0,0.26,0.52,0.335
SHP-1007,945.88,10.7,46.1,0,0.55,0.91,0.454
SHP-1008,1256.11,62.3,28.9,0,0.05,0.61,0.392
SHP-1009,614.31,7.6,11.6,0,0.1,0.64,0.231
SHP-1010,1289.58,27.5,18.5,0,0.21,0.63,0.383
SHP-1011,1876.48,47.4,30.5,0,0.53,0.62,0.585
SHP-1012,951.41,20.9,46.3,0,0.68,0.91,0.482
SHP-1013,1563.2,18.0,1.6,0,0.32,0.63,0.379
SHP-1014,461.42,68.0,43.8,1,0.21,0.74,0.438
SHP-1015,1775.13,47.0,7.1,0,0.14,0.87,0.349
SHP-1016,1101.01,54.3,21.4,1,0.36,0.99,0.425
SHP-1017,319.75,36.5,37.8,0,0.15,0.58,0.313
SHP-1018,1376.94,43.7,19.2,0,0.6,0.73,0.457
SHP-1019,540.26,40.7,47.1,0,0.68,0.76,0.453
SHP-1020,570.31,46.9,5.6,0,0.43,0.72,0.25
SHP-1021,1909.94,63.3,13.2,0,0.5,0.59,0.521
SHP-1022,1829.62,62.9,14.9,0,0.64,0.8,0.502
SHP-1023,348.04,55.4,27.0,0,0.6,0.74,0.332
SHP-1024,268.14,27.4,49.3,1,0.24,0.62,0.461
SHP-1025,1156.35,7.5,36.6,0,0.98,0.76,0.564
SHP-1026,295.23,48.2,47.3,0,0.27,0.93,0.301
SHP-1027,875.12,16.8,27.0,0,0.71,0.7,0.441
SHP-1028,1359.79,28.1,45.0,1,0.12,0.61,0.586
SHP-1029,709.27,43.2,11.5,0,0.22,0.53,0.29
SHP-1030,1280.65,18.0,45.3,1,0.07,0.62,0.563
SHP-1031,1354.51,17.0,6.6,0,0.94,0.78,0.462
SHP-1032,971.71,56.9,40.4,0,0.09,0.82,0.361
SHP-1033,740.88,30.8,43.2,0,0.67,0.98,0.422
SHP-1034,241.91,30.2,17.0,0,0.86,0.62,0.352
SHP-1035,420.91,33.4,21.1,1,0.46,0.93,0.354
SHP-1036,197.0,58.6,42.8,0,0.05,0.99,0.213
SHP-1037,1680.25,69.8,46.3,0,0.17,0.74,0.523
SHP-1038,466.81,30.1,2.9,0,0.38,0.98,0.162
SHP-1039,567.15,56.9,22.8,1,0.7,0.86,0.444
SHP-1040,1577.55,48.3,24.3,0,0.3,0.97,0.4
SHP-1041,1179.4,40.0,37.4,0,0.05,0.73,0.391
SHP-1042,1842.8,39.2,2.8,0,0.51,0.92,0.406
SHP-1043,183.62,6.8,43.1,1,0.12,0.94,0.336
SHP-1044,530.12,43.6,31.0,1,0.66,0.78,0.48
SHP-1045,666.92,20.3,33.5,1,0.24,0.69,0.444
SHP-1046,1359.8,23.0,15.8,0,0.75,0.54,0.509
SHP-1047,943.66,71.9,49.8,0,0.54,0.75,0.499
SHP-1048,308.29,26.4,3.4,0,0.24,0.64,0.18
SHP-1049,904.46,40.0,15.1,0,0.98,0.9,0.412
SHP-1050,1081.43,48.8,27.7,0,0.94,0.57,0.547
SHP-1051,275.09,9.5,27.7,1,0.28,0.6,0.388
SHP-1052,718.62,50.1,42.6,1,0.25,0.94,0.44
SHP-1053,149.06,46.4,41.5,0,0.0,0.88,0.212
SHP-1054,1292.37,20.3,37.1,1,0.56,0.55,0.644
SHP-1055,1892.85,50.4,7.5,0,0.04,0.68,0.386
SHP-1056,1127.42,32.1,2.1,0,0.36,0.96,0.258
SHP-1057,1945.78,4.8,17.9,0,0.68,0.83,0.533
SHP-1058,739.67,41.2,43.7,0,0.93,0.62,0.548
SHP-1059,366.88,58.0,8.9,0,0.41,0.59,0.255
SHP-1060,1852.75,56.8,20.6,0,0.27,0.89,0.436
SHP-1061,260.79,63.1,42.9,0,0.2,0.95,0.261
SHP-1062,731.83,59.4,43.6,0,0.02,0.59,0.37
SHP-1063,690.11,62.5,48.3,1,0.35,0.75,0.517
SHP-1064,1375.06,61.1,16.6,0,0.03,0.93,0.293
SHP-1065,559.37,42.6,49.2,0,0.11,0.71,0.361
SHP-1066,1470.66,24.0,30.3,0,0.39,0.78,0.464
SHP-1067,546.71,51.6,0.1,0,0.93,0.76,0.316
SHP-1068,1452.89,53.9,33.5,1,0.43,0.96,0.546
SHP-1069,1845.5,45.6,33.2,0,0.72,0.65,0.624
SHP-1070,653.11,30.6,20.1,1,0.55,0.59,0.47
SHP-1071,1346.61,28.5,37.4,0,0.62,0.65,0.546
SHP-1072,1118.48,2.0,14.3,0,0.43,0.78,0.355
SHP-1073,1326.68,34.5,22.1,0,0.51,0.89,0.411
SHP-1074,1921.67,53.5,32.9,1,0.52,0.81,0.662
SHP-1075,703.62,59.3,37.6,1,0.22,0.6,0.48
SHP-1076,97.63,19.1,23.8,0,0.46,0.93,0.216
SHP-1077,1172.56,52.3,19.2,0,0.4,0.57,0.419
SHP-1078,1390.86,64.5,43.0,0,0.78,0.61,0.615
SHP-1079,1618.01,50.7,23.2,0,0.92,0.56,0.608
SHP-1080,310.01,34.5,26.6,1,0.95,0.94,0.455
SHP-1081,1244.67,52.3,25.2,1,0.9,0.86,0.596
SHP-1082,975.62,20.1,12.4,0,0.64,0.88,0.348
SHP-1083,1066.53,45.9,13.7,0,0.08,0.64,0.303
SHP-1084,579.84,24.4,27.0,0,0.15,0.69,0.287
SHP-1085,347.97,17.0,20.7,1,0.54,0.7,0.403
SHP-1086,453.33,31.4,45.2,0,0.86,0.88,0.445
SHP-1087,791.74,2.4,17.6,0,0.75,0.92,0.355
SHP-1088,1909.19,31.3,37.4,0,0.49,0.63,0.608
SHP-1089,997.0,29.2,33.4,1,0.72,0.91,0.545
SHP-1090,1843.11,70.7,26.7,1,0.59,0.82,0.637
SHP-1091,213.7,32.0,43.3,0,0.05,0.69,0.277
SHP-1092,462.74,24.9,38.1,1,0.28,0.97,0.384
SHP-1093,872.05,60.4,23.5,0,1.0,0.67,0.491
SHP-1094,1317.78,56.7,32.6,0,0.95,0.6,0.598
SHP-1095,89.74,12.7,6.3,0,0.67,0.78,0.217
SHP-1096,475.03,51.0,38.3,0,0.61,0.97,0.352
SHP-1097,1450.8,56.4,8.2,0,0.31,0.78,0.356
SHP-1098,1861.33,42.3,45.4,1,0.4,0.85,0.671
SHP-1099,198.19,50.3,31.4,0,0.7,0.65,0.365
SHP-1100,1384.31,58.4,39.8,0,0.35,0.71,0.495
SHP-1101,772.61,37.4,17.1,0,0.85,0.9,0.374
SHP-1102,255.8,69.3,31.8,1,0.71,0.71,0.466
SHP-1103,1480.9,69.6,13.5,0,0.81,0.76,0.486
SHP-1104,992.82,32.5,36.6,1,0.32,0.62,0.535
SHP-1105,1872.51,21.5,22.5,1,0.57,0.83,0.619
SHP-1106,705.97,36.6,16.3,0,0.49,0.67,0.335
SHP-1107,553.79,21.6,29.8,1,0.56,0.75,0.464
SHP-1108,422.56,18.9,20.3,0,0.69,0.82,0.319
SHP-1109,1007.1,57.5,4.7,0,0.22,0.84,0.246
SHP-1110,647.1,42.7,23.7,1,0.43,0.87,0.404
SHP-1111,695.04,51.2,13.5,0,0.25,0.56,0.296
SHP-1112,425.54,10.4,26.8,0,0.19,0.86,0.237
SHP-1113,589.17,43.3,38.0,1,0.98,0.91,0.554
SHP-1114,627.68,27.3,15.1,0,0.71,0.56,0.385
SHP-1115,138.76,5.8,14.6,0,0.94,0.81,0.305
SHP-1116,1517.94,9.2,0.6,0,0.28,0.73,0.34
SHP-1117,714.38,69.6,12.6,0,0.86,0.56,0.418
SHP-1118,177.42,36.4,28.9,0,0.15,0.9,0.192
SHP-1119,1900.8,8.0,12.4,0,0.56,0.7,0.507
SHP-1120,1212.45,45.3,38.8,1,0.45,0.72,0.583
SHP-1121,1727.32,71.3,15.3,0,0.62,0.8,0.484
SHP-1122,1493.17,68.3,10.4,0,0.21,0.82,0.344
SHP-1123,356.26,14.2,3.8,0,0.0,0.72,0.125
SHP-1124,1207.93,22.4,11.6,0,0.71,0.84,0.402
SHP-1125,935.36,50.1,46.2,0,0.43,0.77,0.457
SHP-1126,1312.89,65.6,41.3,0,0.06,0.89,0.396
SHP-1127,1210.34,59.7,46.1,1,0.12,0.84,0.522
SHP-1128,1414.48,68.0,25.0,1,0.44,0.79,0.542
SHP-1129,1784.37,53.4,30.2,0,0.09,0.97,0.412
SHP-1130,1680.12,42.3,47.5,1,0.58,0.87,0.684
SHP-1131,391.62,38.3,22.1,1,0.18,0.79,0.325
SHP-1132,1287.83,36.4,4.6,0,0.35,0.66,0.35
SHP-1133,1356.76,62.0,16.5,0,0.69,0.64,0.48
SHP-1134,1893.13,58.9,27.5,1,0.09,0.62,0.588
SHP-1135,276.05,56.1,43.2,0,0.66,0.77,0.392
SHP-1136,855.83,15.1,18.1,0,0.76,0.81,0.391
SHP-1137,1531.98,16.2,27.5,1,0.44,0.84,0.56
SHP-1138,286.78,70.1,30.4,0,0.71,0.65,0.377
SHP-1139,76.67,30.6,11.2,0,0.84,0.56,0.312
SHP-1140,1896.77,47.3,7.7,0,0.93,0.64,0.573
SHP-1141,1425.55,31.1,24.1,1,0.24,0.77,0.504
SHP-1142,797.99,66.5,25.4,0,0.86,0.64,0.465
SHP-1143,1590.51,31.0,46.7,1,0.82,0.64,0.761
SHP-1144,632.18,43.1,49.9,1,0.87,0.72,0.624
SHP-1145,994.47,25.3,38.1,1,0.46,0.66,0.562
SHP-1146,417.87,50.8,28.6,0,0.86,0.7,0.409
SHP-1147,670.44,35.1,45.7,1,0.39,0.83,0.495
SHP-1148,1650.46,70.7,24.8,0,0.13,0.97,0.379
SHP-1149,697.39,9.0,42.3,0,0.53,0.72,0.436
SHP-1150,1458.77,30.7,32.7,0,0.07,0.88,0.388
SHP-1151,566.79,45.6,19.9,0,0.08,0.66,0.249
SHP-1152,1365.0,39.4,47.7,1,0.87,0.52,0.766
SHP-1153,183.42,46.2,46.0,0,0.75,0.71,0.42
SHP-1154,241.96,46.4,43.6,1,0.17,0.65,0.415
SHP-1155,106.45,24.7,2.8,0,0.36,0.71,0.157
SHP-1156,526.18,30.8,34.1,0,0.17,0.54,0.341
SHP-1157,1748.14,45.4,12.0,0,0.91,0.57,0.578
SHP-1158,949.24,19.8,12.8,0,0.01,0.89,0.218
SHP-1159,1807.36,49.4,7.9,0,0.44,0.67,0.457
SHP-1160,1195.76,46.7,21.2,1,0.46,0.65,0.526
SHP-1161,1998.78,61.7,5.3,0,0.38,0.68,0.461
SHP-1162,626.95,50.9,1.1,0,0.83,0.69,0.326
SHP-1163,65.79,62.6,38.9,0,0.91,0.87,0.373
SHP-1164,1674.04,65.2,38.8,0,0.61,0.67,0.594
SHP-1165,1291.4,45.5,33.9,0,0.63,0.94,0.467
SHP-1166,1310.36,23.6,22.0,1,0.73,0.54,0.623
SHP-1167,625.47,54.3,8.8,0,0.13,0.76,0.203
SHP-1168,1944.4,39.2,45.7,0,0.26,0.9,0.546
SHP-1169,989.6,58.5,37.3,1,0.8,0.73,0.612
SHP-1170,196.83,54.8,11.3,0,0.68,0.83,0.245
SHP-1171,824.95,61.2,27.9,0,0.79,0.51,0.491
SHP-1172,1096.32,33.8,33.6,1,0.58,0.9,0.535
SHP-1173,1883.57,9.6,11.7,0,0.03,0.93,0.349
SHP-1174,1144.74,66.1,11.1,0,0.06,0.9,0.248
SHP-1175,1823.31,23.2,20.4,0,0.05,0.52,0.461
SHP-1176,1992.06,10.1,11.7,0,0.54,0.69,0.516
SHP-1177,773.47,68.5,34.8,1,0.59,0.86,0.501
SHP-1178,1776.56,47.8,41.7,1,0.94,0.64,0.793
SHP-1179,1396.05,17.2,22.2,0,0.86,0.55,0.56
SHP-1180,1387.08,40.1,48.9,1,0.06,0.64,0.588
SHP-1181,1938.0,68.4,41.2,0,0.66,0.81,0.625
SHP-1182,1214.43,3.5,39.3,0,0.99,0.89,0.559
SHP-1183,450.15,60.1,27.7,0,0.81,0.61,0.418
SHP-1184,1560.02,57.2,29.8,1,0.86,0.57,0.711
SHP-1185,303.48,19.5,8.7,0,0.66,0.51,0.31
SHP-1186,78.98,57.3,11.9,0,0.32,0.59,0.205
SHP-1187,152.18,53.9,26.3,0,0.48,0.88,0.248
SHP-1188,1050.81,9.6,25.2,0,0.73,0.95,0.414
SHP-1189,1334.86,23.1,32.2,0,0.06,0.73,0.395
SHP-1190,833.15,50.0,24.5,1,0.07,0.54,0.429
SHP-1191,1236.18,6.6,13.8,0,0.63,0.77,0.413
SHP-1192,684.11,71.6,26.5,1,0.51,0.71,0.469
SHP-1193,1596.54,10.0,32.7,0,0.43,0.94,0.468
SHP-1194,856.94,59.9,19.9,0,0.73,0.65,0.424
SHP-1195,659.42,19.8,47.7,1,0.07,0.91,0.422
SHP-1196,231.8,8.8,36.9,0,0.56,0.79,0.336
SHP-1197,1145.09,25.1,6.1,0,0.35,0.83,0.3
SHP-1198,1513.05,62.8,36.1,1,0.6,0.67,0.657
SHP-1199,1176.94,16.9,32.8,0,0.85,0.67,0.544
SHP-1200,1134.72,10.0,13.9,0,0.23,0.71,0.33
SHP-1201,1143.88,55.7,31.1,0,0.61,0.82,0.454
SHP-1202,1402.27,4.0,13.7,0,0.76,0.95,0.427
SHP-1203,734.5,14.7,7.2,0,0.66,0.53,0.365
SHP-1204,1494.89,70.0,4.6,0,0.53,0.68,0.413
SHP-1205,934.61,13.0,15.6,0,0.32,0.96,0.275
SHP-1206,1212.64,63.8,7.8,0,0.75,0.52,0.459
SHP-1207,209.08,33.0,21.2,1,0.41,0.61,0.376
SHP-1208,1049.08,26.2,5.5,0,0.68,0.79,0.357
SHP-1209,1077.52,23.6,11.0,0,0.98,0.53,0.496
SHP-1210,448.63,68.2,38.4,1,0.29,0.56,0.467
SHP-1211,1019.9,32.1,6.5,0,0.53,0.61,0.363
SHP-1212,1139.51,48.8,17.7,0,0.4,0.86,0.35
SHP-1213,900.63,34.2,3.9,0,0.31,0.71,0.271
SHP-1214,838.62,46.8,14.5,0,0.41,0.97,0.272
SHP-1215,385.15,68.3,23.0,1,0.09,0.91,0.286
SHP-1216,524.47,43.2,26.2,1,0.87,0.87,0.483
SHP-1217,482.07,56.5,3.8,0,0.63,0.76,0.262
SHP-1218,428.11,56.3,17.6,0,0.96,0.82,0.363
SHP-1219,338.0,9.2,12.8,0,0.17,0.57,0.222
SHP-1220,1530.35,7.3,47.6,1,0.46,0.78,0.656
SHP-1221,1179.96,49.7,44.1,1,0.86,0.81,0.663
SHP-1222,344.37,6.8,22.1,1,0.8,0.79,0.442
SHP-1223,736.29,7.2,23.1,0,0.06,0.91,0.233
SHP-1224,199.63,62.5,42.8,1,0.46,0.77,0.439
SHP-1225,1594.04,64.7,22.5,0,0.32,0.73,0.447
SHP-1226,344.18,6.3,5.2,0,0.9,0.67,0.318
SHP-1227,1442.92,37.3,8.6,0,0.25,0.71,0.359
SHP-1228,906.87,38.6,7.9,0,0.37,0.64,0.314
SHP-1229,847.1,25.7,29.9,1,0.07,0.55,0.451
SHP-1230,1372.84,21.9,36.2,0,0.33,0.79,0.459
SHP-1231,325.79,26.5,48.4,1,0.13,0.85,0.398
SHP-1232,215.2,41.1,32.2,1,0.81,0.83,0.457
SHP-1233,1666.47,53.7,34.3,0,0.65,0.71,0.575
SHP-1234,755.56,27.4,9.0,0,0.21,0.96,0.199
SHP-1235,998.23,17.9,6.9,0,0.08,0.91,0.211
SHP-1236,247.22,56.0,41.8,0,0.66,0.93,0.35
SHP-1237,1255.16,43.8,7.7,0,0.18,0.84,0.287
SHP-1238,1268.24,65.2,36.1,0,0.41,0.83,0.451
SHP-1239,513.18,33.1,14.2,0,0.75,0.72,0.34
SHP-1240,1091.32,23.7,40.4,1,0.9,0.6,0.685
SHP-1241,1372.7,41.9,22.0,1,0.78,0.75,0.6
SHP-1242,866.39,13.3,10.0,0,0.6,0.93,0.304
SHP-1243,151.75,35.6,18.6,0,0.93,0.85,0.313
SHP-1244,1056.02,10.7,4.2,0,0.16,0.72,0.263
SHP-1245,1051.04,60.2,4.6,0,0.91,0.9,0.378
SHP-1246,1775.03,67.1,20.7,1,0.5,0.62,0.625
SHP-1247,1989.32,28.2,1.4,0,0.93,0.91,0.508
SHP-1248,1317.42,57.4,6.9,0,0.29,0.91,0.301
SHP-1249,1407.34,11.7,35.3,1,0.62,0.94,0.588
SHP-1250,87.06,17.1,7.5,0,0.94,0.8,0.271
SHP-1251,875.35,56.3,11.9,0,0.12,0.62,0.279
SHP-1252,1295.96,45.6,3.1,0,0.84,0.74,0.427
SHP-1253,1095.3,46.2,28.8,0,0.29,0.5,0.437
SHP-1254,737.99,41.9,9.4,0,0.67,0.76,0.33
SHP-1255,753.18,68.7,27.2,0,0.39,0.73,0.354
SHP-1256,1289.56,70.7,12.7,0,0.02,0.89,0.27
SHP-1257,722.36,53.3,31.4,1,0.13,0.67,0.426
SHP-1258,710.17,47.0,41.5,1,0.98,0.73,0.623
SHP-1259,405.44,11.4,35.8,1,0.04,0.6,0.392
SHP-1260,1592.66,64.0,15.8,0,0.31,0.7,0.424
SHP-1261,1640.04,35.1,1.8,0,0.65,0.64,0.455
SHP-1262,1731.17,5.3,32.8,1,0.12,0.68,0.579
SHP-1263,1784.5,54.0,44.7,1,0.34,0.59,0.696
SHP-1264,1399.53,27.7,39.9,1,0.8,0.86,0.658
SHP-1265,203.91,44.2,41.1,1,0.32,0.54,0.451
SHP-1266,1338.79,23.5,30.1,1,0.17,0.72,0.511
SHP-1267,921.9,52.9,45.6,1,0.27,0.98,0.479
SHP-1268,1898.41,7.3,31.9,1,0.51,0.87,0.64
SHP-1269,361.97,4.2,42.4,1,0.03,0.53,0.424
SHP-1270,1568.1,27.6,19.1,0,0.57,0.8,0.466
SHP-1271,1374.17,68.4,18.6,0,0.76,0.78,0.477
SHP-1272,1082.45,29.9,32.5,0,0.96,0.51,0.582
SHP-1273,412.79,38.2,45.7,0,0.26,0.63,0.371
SHP-1274,920.23,71.7,14.3,0,0.92,0.74,0.431
SHP-1275,289.14,61.7,22.6,1,1.0,0.9,0.454
SHP-1276,1936.74,71.1,33.4,0,0.55,0.64,0.606
SHP-1277,634.92,13.0,35.5,0,0.79,0.75,0.445
SHP-1278,286.66,16.1,6.9,0,0.79,0.51,0.327
SHP-1279,1130.34,27.8,40.2,0,0.61,0.54,0.544
SHP-1280,653.12,72.0,35.9,1,0.77,0.9,0.516
SHP-1281,193.81,70.1,32.1,1,0.47,0.75,0.401
SHP-1282,300.25,60.0,27.6,0,0.77,0.56,0.397
SHP-1283,1030.58,62.8,41.6,0,0.3,0.58,0.465
SHP-1284,1872.74,17.8,47.4,1,0.85,0.62,0.817
SHP-1285,1288.36,40.6,6.3,0,0.3,0.76,0.326
SHP-1286,1030.02,13.8,47.1,0,0.17,0.81,0.415
SHP-1287,1808.9,25.6,46.2,0,0.83,0.51,0.72
SHP-1288,138.65,46.9,28.8,0,0.77,0.7,0.35
SHP-1289,1296.03,36.9,31.4,1,0.64,0.65,0.618
SHP-1290,527.51,58.5,20.3,1,0.07,0.53,0.368
SHP-1291,907.23,35.9,10.2,0,0.61,0.65,0.369
SHP-1292,1450.81,53.4,43.0,1,0.13,0.68,0.58
SHP-1293,1145.22,24.3,23.3,1,0.45,0.57,0.541
SHP-1294,148.68,68.2,43.2,1,0.25,0.92,0.361
SHP-1295,361.41,24.9,28.9,1,0.19,0.58,0.392
SHP-1296,1992.14,34.7,44.0,1,0.02,0.96,0.587
SHP-1297,1035.62,69.7,10.8,0,0.35,0.52,0.365
SHP-1298,1015.04,63.8,32.7,1,0.29,0.5,0.541
SHP-1299,259.62,11.4,13.2,0,0.37,0.7,0.226
SHP-1300,138.22,5.6,28.1,1,0.55,0.54,0.435
SHP-1301,1033.3,55.5,14.0,0,0.99,0.83,0.443
SHP-1302,281.68,70.3,19.7,0,0.79,0.67,0.345
SHP-1303,1880.95,54.8,10.0,0,0.51,0.75,0.474
SHP-1304,138.34,11.6,16.7,0,0.47,0.72,0.238
SHP-1305,1232.21,38.1,16.4,0,0.61,0.58,0.456
SHP-1306,1981.7,53.8,15.0,0,0.34,0.91,0.443
SHP-1307,1088.06,51.6,15.0,0,0.82,0.68,0.451
SHP-1308,1363.92,70.6,29.2,0,0.6,0.63,0.515
SHP-1309,1328.4,70.0,28.9,0,0.72,0.79,0.501
SHP-1310,382.5,46.0,31.0,1,0.15,0.83,0.345
SHP-1311,111.56,68.4,5.5,0,0.02,0.65,0.113
SHP-1312,345.29,50.3,20.5,1,0.87,0.86,0.436
SHP-1313,171.45,11.7,10.4,0,0.33,0.82,0.169
SHP-1314,1074.68,24.0,8.7,0,0.91,0.67,0.444
SHP-1315,740.86,56.0,36.0,1,0.61,0.59,0.559
SHP-1316,530.71,41.1,11.2,0,0.97,0.65,0.388
SHP-1317,613.56,16.5,35.2,1,0.48,0.77,0.475
SHP-1318,1872.25,52.5,14.4,0,0.57,0.77,0.498
SHP-1319,1796.73,29.6,17.3,0,0.77,0.57,0.579
SHP-1320,132.03,68.9,4.0,0,0.92,0.82,0.256
SHP-1321,1507.31,17.0,41.4,1,0.93,0.84,0.71
SHP-1322,317.68,45.1,29.3,0,0.05,0.94,0.187
SHP-1323,490.06,18.3,5.0,0,0.33,0.73,0.214
SHP-1324,1378.32,11.6,48.2,0,0.41,0.96,0.49
SHP-1325,1762.88,35.4,10.0,0,0.96,0.66,0.564
SHP-1326,1309.5,65.6,4.5,0,0.57,0.76,0.376
SHP-1327,1460.08,67.6,45.7,0,0.42,0.91,0.504
SHP-1328,1871.15,4.5,41.8,1,0.19,0.87,0.612
SHP-1329,1750.97,22.3,1.9,0,0.3,0.8,0.37
SHP-1330,1860.49,25.5,22.7,1,0.89,0.57,0.734
SHP-1331,1033.21,21.1,40.4,1,0.16,0.72,0.505
SHP-1332,551.67,15.0,36.8,1,0.57,0.87,0.47
SHP-1333,392.22,61.9,44.9,1,0.52,0.54,0.534
SHP-1334,1355.05,14.9,7.0,0,0.32,0.62,0.371
SHP-1335,558.53,18.5,37.7,1,0.3,0.85,0.425
SHP-1336,72.3,47.8,34.6,0,0.67,0.73,0.337
SHP-1337,361.45,50.0,46.2,1,0.69,0.81,0.515
SHP-1338,1884.24,27.7,11.0,0,0.96,0.73,0.573
SHP-1339,937.21,71.2,18.7,0,0.7,0.95,0.365
SHP-1340,1526.83,58.1,41.3,0,0.68,0.79,0.572
SHP-1341,1585.37,38.8,26.4,1,0.08,0.78,0.503
SHP-1342,170.43,40.3,25.3,0,0.16,0.92,0.175
SHP-1343,911.59,49.6,35.8,1,0.09,0.75,0.448
SHP-1344,1626.95,33.7,25.7,1,0.56,0.77,0.605
SHP-1345,1361.9,23.6,1.1,0,0.25,0.5,0.359
SHP-1346,474.91,7.1,21.2,0,0.54,0.53,0.358
SHP-1347,1793.73,71.0,23.6,1,0.41,0.88,0.569
SHP-1348,1543.36,70.5,32.3,1,0.37,0.94,0.547
SHP-1349,924.65,66.2,18.9,0,0.08,0.97,0.236
SHP-1350,1755.38,11.3,43.0,0,0.18,0.76,0.519
SHP-1351,1081.24,53.0,11.1,0,0.0,0.51,0.305
SHP-1352,631.81,49.1,27.2,1,0.82,0.62,0.544
SHP-1353,725.01,21.3,46.9,0,0.03,0.82,0.338
SHP-1354,1249.1,67.5,44.5,0,0.21,0.55,0.497
SHP-1355,115.47,43.8,35.2,0,0.24,0.52,0.302
SHP-1356,905.98,39.8,37.7,0,0.14,0.99,0.317
SHP-1357,506.61,66.1,28.8,1,0.24,0.93,0.353
SHP-1358,1972.11,38.5,20.7,1,0.06,0.96,0.499
SHP-1359,1765.44,65.8,31.3,1,0.56,0.52,0.698
SHP-1360,721.61,47.0,19.1,0,0.52,0.84,0.321
SHP-1361,846.11,23.0,9.2,0,0.54,0.62,0.348
SHP-1362,489.42,62.0,7.2,0,0.46,0.53,0.288
SHP-1363,854.72,31.2,26.5,1,0.24,0.6,0.462
SHP-1364,1311.08,66.6,42.4,0,0.54,0.91,0.492
SHP-1365,150.5,28.4,30.2,0,0.87,0.59,0.399
SHP-1366,1535.31,52.7,27.9,1,0.21,0.94,0.496
SHP-1367,641.22,65.6,10.6,0,0.19,0.86,0.205
SHP-1368,1506.41,54.8,45.7,0,0.4,0.62,0.565
SHP-1369,677.15,21.8,23.3,1,0.31,0.68,0.421
SHP-1370,1771.48,34.6,40.1,1,0.76,0.66,0.746
SHP-1371,446.1,23.9,2.3,0,0.86,0.86,0.276
SHP-1372,81.63,40.7,29.2,1,0.3,0.6,0.369
SHP-1373,498.54,41.9,12.3,0,0.55,0.96,0.242
SHP-1374,708.25,55.4,24.4,1,0.46,0.86,0.424
SHP-1375,736.74,11.8,27.3,0,0.92,0.77,0.45
SHP-1376,1301.53,6.1,1.7,0,0.85,0.96,0.38
SHP-1377,1353.02,55.5,20.6,0,0.07,0.57,0.385
SHP-1378,476.5,33.9,3.0,0,0.64,0.96,0.219
SHP-1379,1829.87,48.1,0.8,0,0.53,0.7,0.444
SHP-1380,82.62,52.6,26.8,1,0.02,0.9,0.244
SHP-1381,1364.36,58.4,45.5,0,0.92,0.76,0.619
SHP-1382,519.89,45.4,12.6,0,0.35,0.89,0.22
SHP-1383,204.09,69.2,22.9,0,0.99,0.61,0.398
SHP-1384,1383.88,61.4,32.7,0,0.09,0.69,0.418
SHP-1385,1127.77,5.9,0.5,0,0.17,0.74,0.257
SHP-1386,896.12,56.9,28.3,0,0.89,0.95,0.436
SHP-1387,498.04,65.1,34.6,1,0.27,0.95,0.377
SHP-1388,1384.64,21.6,27.2,0,0.18,0.92,0.368
SHP-1389,80.53,16.5,7.2,0,0.82,0.9,0.225
SHP-1390,1861.31,22.9,28.2,1,0.68,0.76,0.676
SHP-1391,798.5,53.8,39.5,0,0.5,0.98,0.382
SHP-1392,154.71,32.6,41.9,1,0.61,0.8,0.453
SHP-1393,1211.44,69.8,16.3,0,0.63,0.88,0.397
SHP-1394,928.57,18.0,27.7,1,0.43,0.83,0.47
SHP-1395,1338.31,8.0,30.9,0,0.71,0.54,0.558
SHP-1396,350.73,51.8,31.7,1,0.32,0.55,0.433
SHP-1397,60.13,23.6,18.0,0,0.27,0.56,0.223
SHP-1398,415.41,33.4,27.7,1,0.1,0.54,0.385
SHP-1399,1130.73,43.8,39.2,1,0.01,0.7,0.488
SHP-1400,1569.38,52.7,28.0,0,0.57,0.58,0.545
SHP-1401,792.43,11.7,15.1,0,0.49,0.53,0.371
SHP-1402,897.62,31.5,24.2,0,0.36,0.96,0.311
SHP-1403,1455.75,36.7,30.8,1,0.11,0.65,0.534
SHP-1404,1900.21,25.3,31.0,1,0.44,0.71,0.655
SHP-1405,1655.89,47.6,29.7,1,0.32,0.96,0.539
SHP-1406,441.66,24.0,48.2,1,0.29,0.84,0.449
SHP-1407,1007.46,42.3,12.1,0,0.38,0.9,0.296
SHP-1408,816.22,10.0,28.2,0,0.68,0.77,0.417
SHP-1409,1908.36,34.3,35.4,1,0.8,0.91,0.706
SHP-1410,184.86,61.3,39.8,1,0.14,0.65,0.385
SHP-1411,542.73,12.8,21.2,1,0.07,0.99,0.282
SHP-1412,984.51,30.1,25.3,1,0.54,0.89,0.479
SHP-1413,751.08,64.7,26.8,0,0.11,0.62,0.318
SHP-1414,1346.15,13.6,30.6,1,0.97,0.66,0.686
SHP-1415,1602.65,9.4,4.9,0,0.22,0.87,0.33
SHP-1416,1138.09,50.1,11.1,0,0.37,0.73,0.343
SHP-1417,1375.13,50.3,7.5,0,1.0,0.74,0.488
SHP-1418,626.09,66.4,4.3,0,0.83,0.86,0.305
SHP-1419,729.24,26.0,39.2,1,0.35,0.55,0.526
SHP-1420,1457.89,33.7,3.4,0,0.04,0.85,0.27
SHP-1421,94.04,26.0,5.5,0,0.8,0.96,0.204
SHP-1422,1493.95,38.1,27.6,1,0.56,0.97,0.552
SHP-1423,502.12,30.4,9.2,0,0.64,0.71,0.298
SHP-1424,106.92,45.0,9.9,0,0.59,0.69,0.236
SHP-1425,1424.23,16.4,37.6,0,0.58,0.89,0.502
SHP-1426,1096.93,27.6,9.9,0,0.11,0.83,0.26
SHP-1427,1004.49,69.6,15.7,0,0.39,0.69,0.353
SHP-1428,272.75,26.6,22.9,0,0.81,0.85,0.325
SHP-1429,630.02,45.0,4.2,0,0.13,0.56,0.225
SHP-1430,645.49,14.8,34.7,1,0.42,0.57,0.506
SHP-1431,798.23,15.0,31.8,0,0.55,0.74,0.409
SHP-1432,323.58,24.0,22.6,0,0.87,0.97,0.319
SHP-1433,994.99,15.7,19.2,0,0.56,0.82,0.374
SHP-1434,847.81,36.4,35.5,1,0.49,0.54,0.559
SHP-1435,110.18,55.3,14.6,0,0.27,0.76,0.177
SHP-1436,378.01,34.0,37.1,1,0.55,0.56,0.503
SHP-1437,272.7,56.3,41.2,1,0.54,0.87,0.44
SHP-1438,1532.01,32.9,10.9,0,0.43,0.86,0.387
SHP-1439,1324.66,19.3,43.7,0,0.45,0.67,0.529
SHP-1440,1642.62,32.7,49.7,0,0.21,0.86,0.515
SHP-1441,1393.81,62.3,30.5,1,0.17,0.57,0.551
SHP-1442,452.91,16.5,3.0,0,0.35,0.64,0.222
SHP-1443,1100.6,24.7,35.2,1,0.57,0.97,0.526
SHP-1444,1053.11,65.0,40.8,0,0.96,0.88,0.537
SHP-1445,1841.6,71.5,43.4,0,0.7,0.57,0.676
SHP-1446,335.17,24.5,12.4,0,0.84,0.69,0.33
SHP-1447,327.23,46.3,31.4,1,0.45,0.81,0.403
SHP-1448,1766.24,8.5,25.8,1,0.69,0.93,0.62
SHP-1449,936.66,36.2,29.1,0,0.73,0.72,0.459
SHP-1450,1345.08,27.1,3.2,0,0.53,0.61,0.399
SHP-1451,887.8,16.8,13.4,0,0.83,0.67,0.419
SHP-1452,1176.97,41.6,24.3,1,0.89,0.87,0.578
SHP-1453,139.59,45.8,41.8,0,0.12,0.92,0.228
SHP-1454,910.51,2.0,47.9,0,1.0,0.95,0.538
SHP-1455,1770.19,23.1,43.7,1,0.09,0.68,0.622
SHP-1456,210.72,48.5,32.4,0,0.4,0.65,0.311
SHP-1457,1413.91,18.4,32.8,0,0.0,0.73,0.397
SHP-1458,308.76,17.8,34.0,0,0.01,0.67,0.25
SHP-1459,285.16,62.2,34.7,1,0.07,0.69,0.358
SHP-1460,1474.99,9.2,15.7,0,0.88,0.57,0.546
SHP-1461,1558.25,54.7,6.7,0,0.99,0.57,0.545
SHP-1462,1084.49,2.6,32.5,1,0.35,0.6,0.543
SHP-1463,1509.12,66.4,30.8,1,0.86,0.54,0.714
SHP-1464,245.91,54.7,29.5,1,0.35,0.71,0.383
SHP-1465,1592.6,19.3,32.2,0,0.55,0.79,0.52
SHP-1466,1234.81,56.5,34.5,1,0.21,0.8,0.505
SHP-1467,417.86,29.4,32.3,0,0.49,0.56,0.378
SHP-1468,1024.19,43.6,26.4,0,0.99,0.96,0.465
SHP-1469,307.37,62.3,28.4,1,0.55,0.58,0.454
SHP-1470,968.48,71.1,3.6,0,0.59,0.51,0.376
SHP-1471,470.7,66.6,47.4,1,0.51,0.81,0.5
SHP-1472,1027.05,31.1,35.1,0,0.64,0.76,0.47
SHP-1473,347.73,7.9,4.0,0,0.92,0.98,0.256
SHP-1474,352.99,24.9,29.3,0,0.31,0.71,0.29
SHP-1475,1909.18,18.7,12.2,0,0.92,0.56,0.607
SHP-1476,1243.98,5.9,33.3,0,0.12,0.85,0.374
SHP-1477,1417.92,13.5,47.7,1,0.17,0.56,0.625
SHP-1478,1573.19,20.8,44.3,0,0.34,0.71,0.539
SHP-1479,1071.52,20.4,48.8,0,0.5,0.75,0.506
SHP-1480,158.11,62.2,8.3,0,0.16,0.88,0.113
SHP-1481,1793.82,49.2,5.8,0,0.74,0.5,0.54
SHP-1482,1724.44,2.9,2.3,0,0.36,0.95,0.35
SHP-1483,398.97,69.2,1.8,0,0.8,0.85,0.257
SHP-1484,1328.62,17.7,12.4,0,0.92,0.66,0.501
SHP-1485,1660.69,42.0,6.0,0,0.67,0.53,0.501
SHP-1486,485.21,38.1,2.3,0,0.4,0.93,0.176
SHP-1487,1738.76,56.1,15.5,0,0.09,0.72,0.397
SHP-1488,769.39,22.4,39.2,0,0.46,0.79,0.406
SHP-1489,1012.05,56.1,9.8,0,0.9,0.87,0.397
SHP-1490,528.0,2.4,20.5,0,0.54,0.81,0.307
SHP-1491,1402.25,2.7,16.8,0,0.76,0.68,0.494
SHP-1492,1489.26,23.5,10.3,0,0.98,0.71,0.519
SHP-1493,1924.31,70.1,7.1,0,0.28,0.52,0.469
SHP-1494,501.37,61.2,20.7,1,0.46,0.87,0.376
SHP-1495,1182.5,37.4,31.9,1,0.07,0.78,0.463
SHP-1496,898.22,69.5,11.8,0,0.26,0.65,0.304
SHP-1497,1611.59,51.1,36.8,1,0.45,0.61,0.657
SHP-1498,1889.93,11.5,38.5,0,0.16,0.58,0.553
SHP-1499,958.81,30.5,26.8,0,0.45,0.73,0.395
SHP-1500,1712.34,8.3,40.4,1,0.83,0.84,0.716
SHP-1501,128.64,60.5,16.4,0,0.09,0.62,0.179
SHP-1502,743.7,37.9,33.9,1,0.82,0.59,0.593
SHP-1503,1906.59,61.8,27.8,0,0.09,0.55,0.505
SHP-1504,1597.93,10.5,3.1,0,0.78,0.61,0.486
SHP-1505,436.36,30.0,34.3,0,0.58,0.63,0.393
SHP-1506,1634.86,3.5,3.2,0,0.9,0.72,0.494
SHP-1507,301.14,65.4,41.5,1,0.12,0.96,0.343
SHP-1508,148.74,66.7,21.7,1,0.5,0.69,0.371
SHP-1509,881.99,26.8,45.4,1,0.28,0.93,0.484
SHP-1510,117.57,45.3,12.3,0,0.3,0.7,0.187
SHP-1511,1123.84,6.3,14.0,0,0.14,0.6,0.333
SHP-1512,1775.07,38.8,31.5,0,0.99,0.88,0.614
SHP-1513,750.27,40.1,24.2,1,0.39,0.59,0.469
SHP-1514,671.81,17.3,44.8,1,0.06,0.99,0.394
SHP-1515,1082.39,55.7,50.0,0,0.1,0.82,0.418
SHP-1516,569.73,59.1,45.9,0,0.76,0.96,0.429
SHP-1517,1172.6,70.8,19.4,0,0.94,0.99,0.443
SHP-1518,388.74,18.6,15.9,0,0.74,0.68,0.334
SHP-1519,1203.55,51.2,17.6,0,0.57,0.57,0.451
SHP-1520,1899.32,60.6,40.5,1,0.54,0.59,0.737
SHP-1521,124.03,5.9,30.1,0,0.53,0.5,0.345
SHP-1522,1839.9,16.1,6.5,0,0.72,0.95,0.456
SHP-1523,1696.35,24.7,1.1,0,0.59,0.95,0.387
SHP-1524,1560.01,61.3,43.0,0,0.37,0.96,0.488
SHP-1525,821.41,9.1,15.1,0,0.14,0.58,0.296
SHP-1526,1899.95,57.4,48.0,1,0.17,0.97,0.617
SHP-1527,1402.44,67.0,39.3,0,0.67,0.9,0.522
SHP-1528,787.85,53.4,14.7,0,0.18,0.5,0.313
SHP-1529,1418.92,42.1,42.5,0,0.18,0.66,0.487
SHP-1530,1627.17,44.8,32.0,0,0.94,0.57,0.646
SHP-1531,1503.42,18.7,49.1,0,0.64,0.97,0.556
SHP-1532,1652.24,48.9,36.5,1,0.45,0.63,0.658
SHP-1533,536.6,6.7,12.8,0,0.11,0.5,0.254
SHP-1534,802.58,53.3,48.5,1,0.49,0.69,0.574
SHP-1535,1114.75,9.1,24.0,0,0.16,0.54,0.387
SHP-1536,1699.24,22.6,15.9,0,0.95,0.54,0.6
SHP-1537,381.71,28.3,36.6,0,0.34,0.98,0.276
SHP-1538,1791.79,51.3,21.6,0,0.61,0.71,0.535
SHP-1539,154.43,25.2,48.7,1,0.7,0.85,0.488
SHP-1540,1473.45,20.6,14.1,0,0.24,0.52,0.421
SHP-1541,1164.95,60.8,7.7,0,0.36,0.71,0.336
SHP-1542,624.37,48.3,30.0,0,0.1,0.6,0.314
SHP-1543,1294.47,70.4,23.7,0,0.31,0.69,0.413
SHP-1544,1003.74,48.3,4.6,0,0.54,0.59,0.359
SHP-1545,1776.71,27.9,22.3,1,0.44,0.63,0.618
SHP-1546,1682.3,41.5,7.6,0,0.7,0.55,0.513
SHP-1547,1352.88,58.6,20.7,0,0.55,0.91,0.414
SHP-1548,1645.89,31.3,26.8,1,0.57,0.62,0.644
SHP-1549,632.76,29.6,42.7,0,0.5,0.94,0.378
SHP-1550,1610.88,49.4,31.0,0,0.95,0.72,0.612
SHP-1551,1900.67,13.7,10.6,0,0.19,0.52,0.462
SHP-1552,202.82,49.8,10.1,0,0.82,0.57,0.321
SHP-1553,1210.34,24.4,36.4,0,0.09,0.77,0.391
SHP-1554,1126.51,62.0,26.0,0,0.79,0.81,0.469
SHP-1555,1069.0,31.4,20.7,0,0.57,0.79,0.399
SHP-1556,1931.42,9.0,5.3,0,0.78,0.89,0.489
SHP-1557,1741.58,63.6,43.9,1,0.38,0.74,0.665
SHP-1558,1237.48,4.6,13.8,0,0.14,0.8,0.309
SHP-1559,1402.64,4.7,44.5,1,0.69,0.52,0.722
SHP-1560,976.68,20.8,18.6,0,0.34,0.89,0.311
SHP-1561,656.35,61.0,42.9,0,0.97,0.61,0.542
SHP-1562,635.94,54.1,38.7,1,0.27,0.7,0.464
SHP-1563,1308.83,15.2,10.6,0,0.82,0.86,0.431
SHP-1564,1531.01,62.7,41.1,0,0.07,0.85,0.438
SHP-1565,836.6,56.6,26.2,0,0.17,0.93,0.278
SHP-1566,441.42,6.0,1.7,0,0.05,0.68,0.147
SHP-1567,438.26,27.8,23.2,1,0.64,0.56,0.475
SHP-1568,109.6,28.1,29.7,0,0.96,0.73,0.381
SHP-1569,1125.1,26.1,41.9,1,0.75,0.84,0.618
SHP-1570,605.89,29.1,8.1,0,0.57,0.97,0.243
SHP-1571,1721.37,47.3,33.9,1,0.65,0.75,0.674
SHP-1572,1736.03,69.7,34.1,1,0.91,0.82,0.715
SHP-1573,1222.23,2.6,12.6,0,0.81,0.65,0.466
SHP-1574,1935.7,47.0,21.2,1,0.85,0.72,0.701
SHP-1575,475.51,23.2,26.0,1,0.58,0.5,0.491
SHP-1576,1998.89,69.7,42.0,1,0.3,0.55,0.718
SHP-1577,174.48,71.2,32.0,1,0.26,0.85,0.336
SHP-1578,1790.13,22.9,7.5,0,0.77,0.94,0.465
SHP-1579,1620.59,58.2,30.0,1,0.68,0.85,0.629
SHP-1580,1328.03,71.8,13.0,0,0.42,0.69,0.397
SHP-1581,118.87,51.6,28.6,0,0.34,0.85,0.23
SHP-1582,1388.32,46.7,23.8,1,0.51,0.91,0.523
SHP-1583,1689.25,63.4,9.1,0,0.1,0.56,0.398
SHP-1584,554.37,58.6,38.1,0,0.95,0.94,0.438
SHP-1585,1326.15,17.6,11.2,0,0.87,0.71,0.476
SHP-1586,1779.34,28.0,29.3,1,0.85,0.73,0.708
SHP-1587,1739.47,42.9,47.2,0,0.47,0.6,0.624
SHP-1588,283.64,49.6,26.5,1,0.05,0.92,0.275
SHP-1589,317.86,16.0,20.5,1,0.14,0.92,0.274
SHP-1590,401.7,7.7,16.6,0,0.99,0.65,0.395
SHP-1591,163.13,33.6,10.5,0,0.77,0.78,0.264
SHP-1592,358.95,57.0,39.0,0,0.61,0.81,0.37
SHP-1593,836.62,69.6,19.2,0,0.04,0.6,0.29
SHP-1594,777.55,3.0,16.1,0,0.83,0.59,0.429
SHP-1595,1369.66,45.9,12.4,0,0.69,0.67,0.459
SHP-1596,301.42,28.8,29.4,0,0.07,0.52,0.273
SHP-1597,1899.5,33.9,26.0,1,0.43,0.84,0.607
SHP-1598,310.89,71.7,24.5,0,0.16,0.94,0.189
SHP-1599,1633.42,3.3,11.2,0,0.98,0.6,0.566
SHP-1600,92.73,37.3,6.2,0,0.71,0.89,0.203
SHP-1601,781.63,46.8,38.6,0,0.59,0.52,0.486
SHP-1602,260.82,60.5,2.4,0,0.12,0.72,0.129
SHP-1603,291.01,19.7,35.1,0,0.7,0.81,0.362
SHP-1604,637.18,48.3,33.1,1,0.62,0.84,0.484
SHP-1605,866.71,64.9,25.6,0,0.28,0.88,0.312
SHP-1606,1020.59,44.6,38.9,0,0.36,0.7,0.441
SHP-1607,362.73,40.4,45.5,1,0.33,0.5,0.502
SHP-1608,1359.68,65.5,41.8,1,0.15,0.54,0.593
SHP-1609,1047.83,52.6,5.1,0,0.26,0.61,0.308
SHP-1610,1977.9,22.7,23.2,0,0.81,0.93,0.565
SHP-1611,1711.88,27.2,33.8,1,0.74,0.55,0.73
SHP-1612,1528.5,5.2,42.6,0,0.33,0.94,0.478
SHP-1613,1912.42,20.8,36.7,1,0.81,0.59,0.778
SHP-1614,831.52,69.4,13.6,0,0.39,0.92,0.273
SHP-1615,1609.8,47.4,39.8,0,0.13,0.86,0.455
SHP-1616,1964.06,61.1,5.2,0,0.91,0.74,0.549
SHP-1617,1159.44,32.7,30.6,1,0.61,0.92,0.534
SHP-1618,1765.9,52.9,44.6,1,0.92,0.56,0.815
SHP-1619,852.0,5.2,13.1,0,0.31,0.85,0.272
SHP-1620,1371.96,55.7,28.8,0,0.98,0.83,0.551
SHP-1621,709.69,38.6,35.0,0,0.43,0.86,0.36
SHP-1622,989.76,48.5,32.1,0,0.84,0.77,0.491
SHP-1623,1976.19,5.8,32.2,0,0.51,0.73,0.581
SHP-1624,1016.88,13.6,37.6,1,0.24,0.98,0.455
SHP-1625,148.18,17.6,32.2,1,0.82,0.54,0.507
SHP-1626,916.17,42.1,4.4,0,0.5,0.65,0.325
SHP-1627,1962.31,54.2,0.9,0,0.4,0.52,0.474
SHP-1628,1120.74,59.8,39.6,1,0.89,0.78,0.649
SHP-1629,1326.46,33.9,17.0,0,0.83,0.9,0.453
SHP-1630,1696.42,25.2,38.4,1,0.72,0.68,0.716
SHP-1631,932.44,8.8,32.9,0,0.34,0.91,0.357
SHP-1632,1930.65,22.4,26.1,0,0.05,0.58,0.488
SHP-1633,323.88,52.2,36.1,0,0.25,0.6,0.323
SHP-1634,285.45,61.7,10.8,0,0.82,0.59,0.332
SHP-1635,708.97,55.0,2.3,0,0.63,0.83,0.276
SHP-1636,290.28,64.4,22.9,0,0.96,0.5,0.427
SHP-1637,1485.62,40.7,21.6,1,0.92,0.88,0.617
SHP-1638,1824.85,50.4,8.7,0,0.82,0.55,0.563
SHP-1639,1332.17,44.4,16.1,0,0.88,0.71,0.498
SHP-1640,1237.54,50.5,12.4,0,0.4,0.67,0.381
SHP-1641,623.64,58.3,6.9,0,0.6,0.93,0.255
SHP-1642,1048.97,61.0,27.4,1,0.71,0.96,0.517
SHP-1643,1283.54,16.1,31.2,1,0.69,0.95,0.565
SHP-1644,308.71,51.7,48.8,0,0.5,0.84,0.374
SHP-1645,678.64,10.1,17.6,0,0.48,0.78,0.312
SHP-1646,1350.96,31.2,37.4,1,0.88,0.71,0.686
SHP-1647,74.9,9.5,19.0,0,0.05,0.53,0.191
SHP-1648,570.61,57.0,49.2,1,0.15,0.53,0.506
SHP-1649,1579.5,16.3,27.1,1,0.81,0.55,0.697
SHP-1650,1742.67,53.8,43.2,1,0.24,0.88,0.606
SHP-1651,1607.7,22.1,33.2,1,0.39,0.97,0.558
SHP-1652,1952.85,23.9,27.6,0,0.74,0.6,0.631
SHP-1653,1744.26,62.2,22.2,0,0.91,0.85,0.562
SHP-1654,1312.88,54.9,27.3,0,0.78,0.97,0.468
SHP-1655,623.65,14.4,34.1,0,0.96,0.86,0.45
SHP-1656,282.74,4.8,14.0,0,0.26,0.58,0.234
SHP-1657,1699.73,2.4,23.3,0,0.04,0.96,0.364
SHP-1658,1213.92,56.2,31.3,1,0.49,0.78,0.549
SHP-1659,748.27,56.9,15.9,0,0.22,0.59,0.302
SHP-1660,182.94,37.4,20.8,1,0.09,0.61,0.307
SHP-1661,466.04,25.2,18.0,0,0.22,0.87,0.212
SHP-1662,1084.47,71.8,41.2,0,0.11,0.67,0.415
SHP-1663,518.68,47.0,45.9,0,0.96,0.83,0.487
SHP-1664,675.83,66.1,47.2,1,0.26,0.85,0.472
SHP-1665,98.18,38.2,38.5,1,0.49,0.65,0.437
SHP-1666,1320.48,24.4,4.1,0,0.1,0.98,0.238
SHP-1667,1557.97,39.3,31.3,0,0.67,0.88,0.517
SHP-1668,1736.65,31.7,5.2,0,0.54,0.84,0.421
SHP-1669,1953.64,56.3,32.3,0,0.75,0.58,0.656
SHP-1670,945.49,25.2,4.4,0,0.05,0.89,0.191
SHP-1671,1138.26,42.2,11.4,0,0.26,0.69,0.33
SHP-1672,1278.92,32.3,0.8,0,0.67,0.76,0.377
SHP-1673,1300.77,45.3,37.8,0,0.7,0.54,0.578
SHP-1674,1859.69,9.4,39.3,1,0.61,0.64,0.73
SHP-1675,1857.05,28.7,41.1,0,0.47,0.76,0.585
SHP-1676,315.94,29.4,39.9,1,0.96,0.57,0.585
SHP-1677,1370.71,66.0,39.8,1,0.96,0.51,0.755
SHP-1678,1755.8,11.9,2.1,0,0.57,0.69,0.448
SHP-1679,1117.67,8.0,10.5,0,0.74,0.86,0.386
SHP-1680,462.89,65.4,42.6,0,0.16,0.61,0.35
SHP-1681,1677.76,15.6,9.1,0,0.8,0.92,0.464
SHP-1682,1710.21,67.3,49.7,1,0.64,0.54,0.775
SHP-1683,1359.79,19.5,9.9,0,0.58,0.97,0.366
SHP-1684,746.42,49.0,11.7,0,0.29,0.53,0.311
SHP-1685,427.32,36.0,16.4,0,0.66,0.84,0.294
SHP-1686,347.17,41.7,40.4,1,0.17,0.65,0.418
SHP-1687,1582.04,51.9,32.0,1,0.84,0.57,0.719
SHP-1688,1479.3,63.5,23.1,1,0.77,0.74,0.62
SHP-1689,262.22,47.2,4.1,0,0.28,0.9,0.132
SHP-1690,1788.03,15.8,36.7,0,0.73,0.94,0.573
SHP-1691,1706.7,46.2,40.6,1,0.77,0.6,0.752
SHP-1692,121.48,20.2,44.7,1,0.65,0.57,0.513
SHP-1693,815.37,64.4,29.5,1,0.13,0.75,0.416
SHP-1694,226.58,27.5,0.5,0,0.24,0.97,0.09
SHP-1695,1964.61,49.9,37.9,0,0.45,0.59,0.618
SHP-1696,1899.99,48.2,48.4,1,0.94,0.52,0.863
SHP-1697,1534.87,18.2,13.2,0,0.23,0.83,0.363
SHP-1698,1059.88,57.4,19.4,0,0.92,0.93,0.435
SHP-1699,127.81,47.4,5.2,0,0.97,0.81,0.272
SHP-1700,583.32,53.9,28.9,0,0.38,0.69,0.341
SHP-1701,1195.97,64.9,3.9,0,0.25,0.98,0.249
SHP-1702,484.65,30.4,40.9,1,0.49,0.74,0.486
SHP-1703,1228.21,37.1,6.9,0,0.17,0.54,0.338
SHP-1704,1304.78,16.8,9.3,0,0.36,0.85,0.335
SHP-1705,280.74,18.1,40.6,0,0.48,0.73,0.355
SHP-1706,460.87,13.3,41.7,0,0.24,0.56,0.372
SHP-1707,1205.08,11.4,25.6,0,0.06,0.63,0.369
SHP-1708,401.07,69.1,30.0,0,0.88,0.86,0.384
SHP-1709,1651.54,68.3,10.8,0,0.61,0.73,0.467
SHP-1710,989.25,17.4,20.5,0,0.79,0.9,0.408
SHP-1711,404.67,48.2,13.2,0,0.72,0.67,0.324
SHP-1712,934.27,43.3,11.5,0,0.39,0.55,0.354
SHP-1713,444.58,62.2,25.2,1,0.83,0.8,0.473
SHP-1714,395.97,65.1,30.0,0,0.09,0.82,0.233
SHP-1715,1808.87,39.8,0.1,0,0.94,0.83,0.494
SHP-1716,891.42,31.4,43.7,1,0.23,0.89,0.477
SHP-1717,1589.63,28.7,29.5,0,0.43,0.62,0.518
SHP-1718,1543.42,65.7,4.2,0,0.6,0.77,0.414
SHP-1719,552.72,2.4,37.2,0,0.58,0.56,0.436
SHP-1720,64.03,47.8,34.4,1,0.41,0.55,0.419
SHP-1721,880.84,43.0,13.1,0,0.54,0.78,0.337
SHP-1722,1243.17,71.4,19.9,0,0.2,0.77,0.352
SHP-1723,1137.25,14.5,28.0,1,0.25,0.65,0.503
SHP-1724,721.49,51.4,36.8,0,0.75,0.72,0.461
SHP-1725,1413.66,13.3,10.7,0,0.4,0.67,0.401
SHP-1726,1123.62,50.8,35.3,0,0.39,0.81,0.426
SHP-1727,1618.52,59.6,23.6,1,0.09,0.63,0.529
SHP-1728,773.13,44.6,36.2,1,0.61,0.76,0.531
SHP-1729,1437.63,43.8,47.3,0,0.64,0.72,0.589
SHP-1730,443.33,48.0,40.2,1,0.19,0.88,0.389
SHP-1731,1045.57,50.9,30.8,0,0.36,0.82,0.388
SHP-1732,1952.51,8.1,13.8,0,0.4,0.83,0.462
SHP-1733,840.63,16.0,0.8,0,0.7,0.95,0.279
SHP-1734,1121.71,52.8,28.0,1,0.35,0.9,0.47
SHP-1735,491.28,69.4,22.7,1,0.57,0.63,0.452
SHP-1736,843.91,9.5,3.6,0,0.29,0.96,0.207
SHP-1737,1615.74,69.0,43.8,1,0.69,0.97,0.662
SHP-1738,1148.18,55.9,37.9,1,0.68,0.94,0.572
SHP-1739,1730.95,35.7,12.9,0,0.38,0.89,0.409
SHP-1740,479.75,51.1,40.0,1,0.96,0.75,0.574
SHP-1741,68.96,60.3,12.4,0,0.09,0.83,0.112
SHP-1742,1651.1,7.3,46.6,1,0.31,0.61,0.674
SHP-1743,1168.74,14.8,37.3,0,0.5,0.6,0.505
SHP-1744,1484.09,63.1,10.3,0,0.2,0.62,0.38
SHP-1745,1256.26,12.9,5.3,0,0.92,0.83,0.428
SHP-1746,1343.68,45.0,38.2,0,0.85,0.68,0.588
SHP-1747,665.06,64.9,44.0,1,0.49,0.98,0.478
SHP-1748,1836.21,21.6,11.1,0,0.58,0.53,0.53
SHP-1749,1608.58,35.5,27.0,1,0.39,0.84,0.559
SHP-1750,390.86,70.4,34.9,1,0.32,0.5,0.462
SHP-1751,1364.5,28.6,5.0,0,0.36,0.92,0.313
SHP-1752,414.95,20.4,13.5,0,0.96,0.67,0.374
SHP-1753,408.63,31.7,21.0,1,0.37,0.7,0.379
SHP-1754,928.92,42.0,49.0,0,0.81,0.85,0.527
SHP-1755,1617.97,40.9,42.8,0,0.15,0.97,0.45
SHP-1756,341.62,58.4,8.8,0,0.5,0.99,0.188
SHP-1757,1706.31,38.2,36.0,1,0.3,0.78,0.604
SHP-1758,1157.28,29.9,34.5,0,0.22,0.62,0.432
SHP-1759,1685.99,8.7,37.2,1,0.36,0.77,0.62
SHP-1760,1867.1,20.0,1.0,0,0.12,0.93,0.322
SHP-1761,1928.08,15.9,28.8,0,0.98,0.64,0.672
SHP-1762,683.93,37.7,38.7,1,0.89,0.69,0.597
SHP-1763,608.72,46.2,7.2,0,0.17,0.9,0.174
SHP-1764,707.91,46.2,28.6,0,0.08,0.67,0.303
SHP-1765,661.29,47.7,35.5,1,0.27,0.72,0.451
SHP-1766,1732.47,27.4,29.3,1,0.41,0.59,0.641
SHP-1767,95.05,52.9,33.1,0,0.21,0.69,0.251
SHP-1768,236.33,67.6,23.7,0,0.03,0.69,0.198
SHP-1769,1541.74,7.8,13.1,0,0.16,0.82,0.352
SHP-1770,1776.67,23.7,12.4,0,0.28,0.81,0.41
SHP-1771,305.99,60.7,1.4,0,0.66,0.92,0.199
SHP-1772,684.14,35.3,48.7,1,0.55,0.57,0.593
SHP-1773,1899.55,39.8,29.5,1,0.63,0.81,0.667
SHP-1774,1149.77,38.6,32.0,1,0.91,0.74,0.634
SHP-1775,492.9,8.3,15.4,0,0.41,0.58,0.302
SHP-1776,70.58,38.6,37.9,0,0.34,0.73,0.284
SHP-1777,66.22,66.5,47.3,1,0.3,0.88,0.383
SHP-1778,1606.03,43.8,39.8,1,0.19,0.93,0.552
SHP-1779,902.36,19.5,35.7,1,0.83,0.61,0.622
SHP-1780,204.46,45.8,25.8,1,0.28,0.86,0.318
SHP-1781,1627.18,30.9,42.7,0,0.14,0.55,0.533
SHP-1782,937.92,33.7,35.0,1,0.19,0.51,0.517
SHP-1783,146.78,39.4,9.3,0,0.1,0.63,0.153
SHP-1784,1444.63,52.9,11.6,0,0.15,0.74,0.345
SHP-1785,716.73,23.8,40.0,1,0.46,0.89,0.482
SHP-1786,693.98,61.0,47.6,0,0.27,0.69,0.41
SHP-1787,1109.22,14.7,44.8,1,0.82,0.91,0.628
SHP-1788,287.83,55.8,12.4,0,0.77,0.72,0.303
SHP-1789,1488.36,4.3,23.0,0,0.52,0.98,0.423
SHP-1790,972.01,49.7,15.6,0,0.32,0.81,0.31
SHP-1791,132.26,67.6,26.0,1,0.48,0.65,0.39
SHP-1792,752.83,5.6,33.3,0,0.24,0.71,0.352
SHP-1793,79.38,57.6,29.2,1,0.79,0.5,0.487
SHP-1794,131.89,56.8,23.8,0,0.37,0.54,0.281
SHP-1795,357.51,8.4,30.9,0,0.06,0.82,0.225
SHP-1796,1417.59,57.4,6.3,0,0.23,0.98,0.288
SHP-1797,1587.7,55.0,40.3,1,0.73,0.51,0.743
SHP-1798,786.65,52.7,12.5,0,0.04,0.85,0.206
SHP-1799,1140.1,40.0,24.5,0,0.54,0.66,0.445
SHP-1800,963.37,62.7,29.9,0,0.07,0.58,0.362
SHP-1801,626.56,20.4,18.4,0,0.0,0.81,0.206
SHP-1802,789.13,15.0,0.9,0,0.86,0.88,0.318
SHP-1803,515.63,52.5,32.9,1,0.19,0.83,0.381
SHP-1804,1543.18,12.8,14.2,0,0.41,0.66,0.438
SHP-1805,237.7,48.1,2.2,0,0.94,0.59,0.314
SHP-1806,110.98,9.5,9.6,0,0.03,0.81,0.099
SHP-1807,807.77,36.3,31.2,1,0.05,0.61,0.434
SHP-1808,1449.8,2.9,46.1,1,0.93,0.91,0.706
SHP-1809,962.72,46.7,18.0,0,0.74,0.94,0.376
SHP-1810,1652.95,57.6,2.9,0,0.62,0.76,0.432
SHP-1811,1481.89,60.4,3.9,0,0.22,0.75,0.332
SHP-1812,247.39,18.2,19.3,0,0.19,0.82,0.188
SHP-1813,1161.55,68.3,27.9,1,0.75,0.88,0.56
SHP-1814,1174.3,49.2,35.1,1,0.88,0.58,0.677
SHP-1815,401.77,30.1,16.9,0,0.16,0.99,0.162
SHP-1816,913.87,26.7,15.8,0,0.99,0.66,0.466
SHP-1817,774.85,55.5,21.5,1,0.61,0.78,0.468
SHP-1818,467.16,55.6,46.3,1,0.36,0.72,0.483
SHP-1819,1921.66,2.0,1.7,0,0.28,0.51,0.449
SHP-1820,313.42,64.3,0.3,0,0.98,0.61,0.322
SHP-1821,664.06,56.0,47.2,1,0.92,0.75,0.622
SHP-1822,1162.8,42.0,4.7,0,0.46,0.58,0.369
SHP-1823,566.73,64.3,12.5,0,0.26,0.65,0.257
SHP-1824,1162.45,41.8,10.9,0,0.08,0.66,0.302
SHP-1825,990.94,36.2,45.0,0,0.6,0.65,0.519
SHP-1826,1475.04,42.3,3.9,0,0.06,0.88,0.273
SHP-1827,728.46,59.2,20.8,0,0.87,0.61,0.444
SHP-1828,1322.92,44.2,0.6,0,0.78,0.69,0.419
SHP-1829,644.33,4.9,27.0,0,0.33,0.84,0.303
SHP-1830,348.74,49.2,49.9,1,0.75,0.78,0.546
SHP-1831,225.66,32.2,39.3,0,0.13,0.54,0.309
SHP-1832,1164.31,5.5,20.0,0,0.09,0.75,0.323
SHP-1833,1558.96,11.1,6.7,0,0.56,0.74,0.425
SHP-1834,1321.88,15.7,30.8,0,0.24,0.63,0.443
SHP-1835,888.63,49.9,28.8,0,0.67,0.71,0.44
SHP-1836,729.2,24.5,29.7,0,0.77,0.58,0.466
SHP-1837,731.95,59.5,40.1,0,0.44,0.95,0.368
SHP-1838,505.3,50.0,7.8,0,0.73,0.54,0.345
SHP-1839,1492.18,19.0,31.1,0,0.87,0.9,0.542
SHP-1840,76.78,50.6,5.6,0,0.45,0.51,0.222
SHP-1841,457.57,39.7,10.2,0,0.52,0.63,0.287
SHP-1842,991.9,53.1,7.1,0,0.7,0.51,0.415
SHP-1843,1186.86,48.4,2.2,0,0.17,0.64,0.293
SHP-1844,1588.92,45.3,2.7,0,0.65,0.5,0.479
SHP-1845,807.86,21.0,42.6,1,0.86,0.51,0.662
SHP-1846,1741.45,47.5,11.6,0,0.38,0.98,0.388
SHP-1847,244.23,24.1,43.3,0,0.19,0.75,0.298
SHP-1848,943.07,66.8,1.1,0,0.25,0.76,0.244
SHP-1849,700.46,29.5,7.9,0,0.35,0.67,0.273
SHP-1850,1269.2,18.5,48.9,1,0.81,0.81,0.686
SHP-1851,1763.42,64.3,40.7,0,0.94,0.97,0.621
SHP-1852,489.89,25.9,19.6,0,0.14,0.86,0.208
SHP-1853,1065.4,49.5,43.6,0,0.42,0.78,0.462
SHP-1854,881.61,23.9,30.3,1,0.54,0.6,0.541
SHP-1855,320.22,39.9,40.0,0,0.31,0.85,0.3
SHP-1856,1071.42,11.5,49.8,0,0.66,0.78,0.536
SHP-1857,358.19,6.7,26.6,0,0.18,0.91,0.214
SHP-1858,333.77,4.1,15.9,0,0.97,0.97,0.314
SHP-1859,641.53,54.2,41.1,1,0.15,0.59,0.473
SHP-1860,306.51,3.8,49.3,1,0.61,0.8,0.505
SHP-1861,1212.9,18.2,1.3,0,0.08,0.88,0.227
SHP-1862,311.47,61.2,23.4,1,0.18,0.69,0.338
SHP-1863,974.0,13.5,11.3,0,0.41,0.97,0.279
SHP-1864,1854.6,68.5,11.1,0,0.67,0.6,0.537
SHP-1865,448.9,14.4,47.7,1,0.87,0.74,0.584
SHP-1866,683.55,34.0,12.3,0,0.4,0.52,0.328
SHP-1867,1483.9,28.6,15.6,0,0.61,0.86,0.435
SHP-1868,1207.92,38.8,43.8,0,0.52,0.72,0.516
SHP-1869,1662.67,5.0,49.8,1,0.98,0.52,0.841
SHP-1870,805.43,55.6,48.1,0,0.29,0.7,0.431
SHP-1871,643.88,59.9,23.1,1,0.29,0.95,0.357
SHP-1872,1395.41,65.3,23.2,1,0.09,0.75,0.47
SHP-1873,400.55,43.0,44.7,0,0.39,0.66,0.385
SHP-1874,98.58,33.8,44.8,0,0.88,0.54,0.462
SHP-1875,681.95,47.4,35.6,0,0.72,0.56,0.477
SHP-1876,272.62,33.5,18.1,0,0.52,0.69,0.279
SHP-1877,1592.58,37.8,47.5,1,0.55,0.52,0.735
SHP-1878,383.23,25.5,43.6,0,0.16,0.57,0.35
SHP-1879,1549.86,5.6,15.4,0,0.73,0.97,0.446
SHP-1880,613.12,14.6,44.9,0,0.0,0.88,0.296
SHP-1881,73.81,36.8,24.9,0,0.61,0.74,0.285
SHP-1882,472.9,48.2,22.7,1,0.08,0.79,0.32
SHP-1883,527.19,40.3,31.0,0,0.05,0.57,0.299
SHP-1884,1323.89,4.6,42.7,1,0.33,0.54,0.627
SHP-1885,262.33,71.6,8.1,0,0.28,0.82,0.164
SHP-1886,1414.7,42.1,28.1,1,0.75,0.68,0.639
SHP-1887,119.89,55.8,16.1,0,0.9,0.9,0.282
SHP-1888,1528.96,61.0,3.2,0,0.47,0.56,0.424
SHP-1889,1725.85,25.0,20.7,0,0.7,0.8,0.522
SHP-1890,263.14,53.1,31.4,0,0.48,0.84,0.293
SHP-1891,1871.09,71.0,14.4,0,0.61,0.66,0.528
SHP-1892,1074.51,71.7,17.7,0,0.13,0.78,0.302
SHP-1893,1063.43,46.2,24.6,0,0.88,0.61,0.512
SHP-1894,616.45,15.5,5.9,0,0.46,0.89,0.23
SHP-1895,1488.06,16.5,30.8,1,0.41,0.66,0.596
SHP-1896,1142.81,46.6,0.6,0,0.2,0.64,0.286
SHP-1897,1590.88,23.5,25.3,1,0.77,0.56,0.682
SHP-1898,699.9,29.7,28.4,0,0.83,0.6,0.465
SHP-1899,1675.96,66.6,24.0,1,0.8,0.82,0.643
SHP-1900,988.92,45.9,44.6,1,0.46,0.9,0.539
SHP-1901,1859.19,5.9,26.1,1,0.56,0.51,0.693
SHP-1902,1175.93,25.2,45.8,1,0.07,0.57,0.56
SHP-1903,1689.44,25.7,18.8,0,0.53,0.58,0.519
SHP-1904,1231.09,15.1,5.8,0,0.78,0.65,0.434
SHP-1905,1722.75,51.7,13.6,0,0.09,0.93,0.345
SHP-1906,774.59,60.1,15.1,0,0.53,0.59,0.365
SHP-1907,779.72,4.6,10.1,0,0.09,0.75,0.225
SHP-1908,1608.1,65.3,7.7,0,0.34,0.74,0.392
SHP-1909,1754.06,23.7,16.4,0,0.77,0.55,0.573
SHP-1910,1965.43,38.1,49.6,0,0.72,0.73,0.691
SHP-1911,1441.67,38.6,0.2,0,0.93,0.84,0.435
SHP-1912,1208.86,8.1,23.3,0,0.1,0.88,0.319
SHP-1913,1503.83,3.6,37.9,0,0.32,0.59,0.523
SHP-1914,589.47,24.3,22.1,0,0.27,0.58,0.315
SHP-1915,273.2,69.1,28.0,0,0.21,0.67,0.261
SHP-1916,671.05,11.9,35.2,1,0.57,0.58,0.539
SHP-1917,657.19,64.5,27.0,0,0.13,0.73,0.287
SHP-1918,1367.22,9.4,2.7,0,0.43,0.59,0.384
SHP-1919,1212.44,43.5,41.8,1,0.62,0.65,0.643
SHP-1920,1644.01,51.9,33.5,0,0.97,0.87,0.601
SHP-1921,958.11,11.2,40.6,1,0.1,0.65,0.496
SHP-1922,1306.62,55.7,23.5,0,0.14,0.94,0.33
SHP-1923,553.2,27.4,9.2,0,0.92,0.66,0.372
SHP-1924,1728.54,24.7,24.4,0,0.48,0.67,0.519
SHP-1925,949.42,14.0,38.4,0,0.51,0.7,0.458
SHP-1926,1442.83,9.5,27.8,0,0.79,0.76,0.534
SHP-1927,831.59,30.9,31.0,0,0.97,0.69,0.505
SHP-1928,714.39,59.0,29.5,1,0.57,0.67,0.505
SHP-1929,1403.56,14.1,33.5,1,0.11,0.79,0.509
SHP-1930,684.49,8.8,22.3,1,0.96,0.53,0.578
SHP-1931,262.05,59.0,38.6,1,0.33,0.82,0.396
SHP-1932,169.89,17.2,6.9,0,0.58,0.87,0.195
SHP-1933,1629.19,55.0,33.0,1,0.53,0.69,0.644
SHP-1934,1176.97,15.7,34.1,1,0.3,0.89,0.495
SHP-1935,1375.14,66.3,46.8,1,0.99,0.79,0.733
SHP-1936,1242.41,37.7,42.4,1,0.06,0.94,0.48
SHP-1937,1937.4,2.1,28.0,1,0.11,0.64,0.597
SHP-1938,110.81,32.2,29.5,1,0.71,0.7,0.437
SHP-1939,898.62,16.8,8.7,0,0.14,0.77,0.244
SHP-1940,1694.49,27.2,20.9,1,1.0,0.83,0.672
SHP-1941,311.84,7.0,0.8,0,0.72,0.74,0.246
SHP-1942,901.63,71.3,4.2,0,0.64,0.7,0.34
SHP-1943,939.26,57.2,30.2,1,0.62,0.72,0.542
SHP-1944,877.04,59.4,19.2,0,0.23,0.71,0.312
SHP-1945,64.49,36.9,36.5,1,0.41,0.77,0.384
SHP-1946,765.59,70.5,28.4,1,0.11,0.74,0.402
SHP-1947,1396.47,11.9,36.6,1,0.46,0.54,0.64
SHP-1948,1785.34,8.2,23.6,0,0.68,0.76,0.546
SHP-1949,1180.28,44.9,45.2,0,0.47,0.75,0.502
SHP-1950,965.0,53.4,21.1,1,0.29,0.52,0.483
SHP-1951,1849.59,54.5,36.3,1,0.06,0.73,0.589
SHP-1952,379.7,5.6,49.5,0,0.29,0.54,0.405
SHP-1953,1035.91,61.6,13.9,0,0.13,0.64,0.309
SHP-1954,1722.82,3.0,5.6,0,0.17,0.79,0.357
SHP-1955,344.71,33.3,40.4,1,0.78,0.62,0.545
SHP-1956,402.58,38.9,1.7,0,0.98,0.97,0.269
SHP-1957,1211.31,59.5,41.9,1,0.77,0.62,0.679
SHP-1958,908.36,46.6,10.5,0,0.73,0.67,0.39
SHP-1959,1302.41,54.9,5.8,0,0.17,0.7,0.313
SHP-1960,637.67,54.2,37.6,0,0.38,0.85,0.352
SHP-1961,975.45,12.2,43.5,0,0.29,0.89,0.4
SHP-1962,794.91,24.1,26.5,0,0.1,0.76,0.293
SHP-1963,739.96,61.1,30.5,1,0.33,0.63,0.473
SHP-1964,241.64,47.8,19.6,0,0.77,0.87,0.295
SHP-1965,1481.91,43.2,9.7,0,0.34,0.84,0.361
SHP-1966,400.84,40.3,33.6,0,0.01,0.55,0.287
SHP-1967,252.62,33.2,11.0,0,0.28,0.59,0.22
SHP-1968,96.22,8.4,46.9,0,0.95,0.81,0.43
SHP-1969,1430.75,10.4,42.8,0,0.38,0.87,0.488
SHP-1970,1313.42,58.2,9.2,0,0.11,0.59,0.338
SHP-1971,624.41,48.2,3.8,0,0.45,0.99,0.201
SHP-1972,1550.25,50.5,33.4,1,0.26,0.88,0.542
SHP-1973,590.71,6.4,19.4,0,1.0,0.63,0.44
SHP-1974,1634.96,14.5,3.5,0,0.98,0.6,0.535
SHP-1975,815.64,47.2,5.4,0,0.54,0.71,0.31
SHP-1976,1247.23,9.4,22.1,1,0.1,0.54,0.487
SHP-1977,1164.12,19.5,22.3,1,0.15,0.81,0.432
SHP-1978,1869.14,48.5,13.3,0,0.7,0.94,0.486
SHP-1979,1170.55,38.1,47.0,1,0.48,0.7,0.62
SHP-1980,1469.15,58.9,3.5,0,0.23,0.69,0.342
SHP-1981,1394.06,56.6,6.1,0,0.54,0.99,0.344
SHP-1982,700.21,23.2,2.8,0,1.0,0.82,0.352
SHP-1983,762.44,61.7,17.0,0,0.84,0.87,0.376
SHP-1984,615.42,16.2,27.7,1,0.66,0.65,0.505
SHP-1985,810.7,9.5,34.4,1,0.08,0.81,0.413
SHP-1986,1483.88,11.8,9.7,0,0.72,0.79,0.447
SHP-1987,1004.0,6.4,27.0,1,0.5,0.97,0.465
SHP-1988,1632.97,69.7,0.8,0,0.34,0.67,0.382
SHP-1989,1455.97,30.4,10.6,0,0.65,0.76,0.439
SHP-1990,1883.18,62.9,26.8,0,0.92,0.52,0.67
SHP-1991,326.1,47.8,23.6,0,0.24,0.82,0.227
SHP-1992,78.01,46.3,45.2,0,0.46,0.58,0.369
SHP-1993,1202.53,59.2,5.3,0,0.5,0.89,0.324
SHP-1994,480.12,58.3,21.3,1,0.32,0.98,0.325
SHP-1995,1173.14,11.6,41.8,0,0.76,0.79,0.537
SHP-1996,704.23,10.5,7.1,0,0.42,0.84,0.25
SHP-1997,1129.15,32.7,46.3,0,0.13,0.89,0.403
SHP-1998,1282.78,28.3,7.9,0,0.88,0.54,0.492
SHP-1999,64.09,66.8,35.3,1,0.42,0.9,0.355
SHP-2000,1556.5,50.5,10.3,0,0.64,0.76,0.451
